1, 201103180001
2, 201103180002
3, 201103180003
4, 201103180004
5, 201103180005
6, 201103180006
7, 201103180007
8, 201103180008
9, 201103180009
10, 201103180010
11, 201103180011
12, 201103180012
13, 201103180013
14, 201103180014
15, 201103180015
16, 201103180016
17, 201103180017
18, 201103180018
19, 201103180019
20, 201103180020
21, 201103180022
22, 201103180023
23, 201103180024
24, 201103180025
25, 201103180027
26, 201103180030
27, 201103180036
28, 201103180037
29, 201103180038
30, 201103180039
31, 201103180040
32, 201103180041
33, 201103190001
34, 201103190002
35, 201103190003
36, 201103190004
37, 201103190006
38, 201103190007
39, 201103190008
40, 201103190009
41, 201103190010
42, 201103190013
43, 201103190015
44, 201103190017
45, 201103190018
46, 201103190019
47, 201103190020
48, 201103190022
49, 201103190023
50, 201103190024
51, 201103190025
52, 201103190026
53, 201103190027
54, 201103190028
55, 201103190029
56, 201103190030
57, 201103190031
58, 201103190033
59, 201103190034
60, 201103190035
61, 201103190036
62, 201103190037
63, 201103190039
64, 201103190040
65, 201103190041
66, 201103190042
67, 201103190043
68, 201103190046
69, 201103190048
70, 201103190049
71, 201103190052
72, 201103190053
73, 201103190054
74, 201103190055
75, 201103190056
76, 201103190057
77, 201103190058
78, 201103190059
79, 201103190060
80, 201103190061
81, 201103190062
82, 201103190063
83, 201103190064
84, 201103190065
85, 201103190068
86, 201103190069
87, 201103190071
88, 201103190072
89, 201103190073
90, 201103190074
91, 201103190075
92, 201103190076
93, 201103190077
94, 201103190078
95, 201103190081
96, 201103190082
97, 201103190083
98, 201103190084
99, 201103190085
100, 201103190086
101, 201103190088
102, 201103190089
103, 201103190090
104, 201103190091
105, 201103190092
106, 201103190093
107, 201103190094
108, 201103190096
109, 201103190097
110, 201103190098
111, 201103190100
112, 201103190102
113, 201103190103
114, 201103190104
115, 201103190105
116, 201103190106
117, 201103190107
118, 201103190110
119, 201103190111
120, 201103190112
121, 201103190113
122, 201103190114
123, 201103190115
124, 201103190117
125, 201103190119
126, 201103190120
127, 201103190122
128, 201103190123
129, 201103190124
130, 201103190125
131, 201103190126
132, 201103190127
133, 201103190128
134, 201103190129
135, 201103190130
136, 201103190131
137, 201103190132
138, 201103190134
139, 201103190135
140, 201103190136
141, 201103190137
142, 201103190138
143, 201103190139
144, 201103190140
145, 201103190141
146, 201103190142
147, 201103190143
148, 201103190145
149, 201103190146
150, 201103190147
151, 201103190149
152, 201103190150
153, 201103190151
154, 201103190152
155, 201103190153
156, 201103190154
157, 201103190155
158, 201103190156
159, 201103190157
160, 201103190158
161, 201103190159
162, 201103190160
163, 201103190161
164, 201103190162
165, 201103190163
166, 201103190164
167, 201103190165
168, 201103190166
169, 201103190168
170, 201103190169
171, 201103190170
172, 201103190171
173, 201103190172
174, 201103190173
175, 201103190174
176, 201103190175
177, 201103190176
178, 201103190177
179, 201103190178
180, 201103190179
181, 201103190180
182, 201103190181
183, 201103190182
184, 201103190184
185, 201103190185
186, 201103190186
187, 201103190187
188, 201103190188
189, 201103190189
190, 201103190190
191, 201103190191
192, 201103190192
193, 201103190193
194, 201103190194
195, 201103190195
196, 201103190196
197, 201103190197
198, 201103190198
199, 201103190199
200, 201103190200
201, 201103190201
202, 201103190202
203, 201103190203
204, 201103190204
205, 201103190205
206, 201103190206
207, 201103190207
208, 201103190208
209, 201103190209
210, 201103190212
211, 201103190213
212, 201103190214
213, 201103190215
214, 201103190216
215, 201103190217
216, 201103190218
217, 201103190219
218, 201103190220
219, 201103190221
220, 201103190222
221, 201103190223
222, 201103190224
223, 201103190225
224, 201103190226
225, 201103190227
226, 201103190228
227, 201103190229
228, 201103190230
229, 201103190231
230, 201103190232
231, 201103190233
232, 201103190234
233, 201103190235
234, 201103190236
235, 201103190237
236, 201103190238
237, 201103190239
238, 201103190240
239, 201103190241
240, 201103190243
241, 201103190244
242, 201103190245
243, 201103190246
244, 201103190247
245, 201103190248
246, 201103190249
247, 201103190250
248, 201103190251
249, 201103190252
250, 201103190253
251, 201103190254
252, 201103190255
253, 201103190256
254, 201103190257
255, 201103190258
256, 201103190259
257, 201103190260
258, 201103190261
259, 201103190262
260, 201103190263
261, 201103190264
262, 201103190265
263, 201103190267
264, 201103190268
265, 201103190269
266, 201103190270
267, 201103190271
268, 201103190272
269, 201103190273
270, 201103190274
271, 201103190275
272, 201103190276
273, 201103190277
274, 201103190278
275, 201103190280
276, 201103190281
277, 201103190282
278, 201103190283
279, 201103190284
280, 201103190285
281, 201103190286
282, 201103190287
283, 201103190288
284, 201103190289
285, 201103190290
286, 201103200001
287, 201103200002
288, 201103200003
289, 201103200004
290, 201103200006
291, 201103200007
292, 201103200008
293, 201103200009
294, 201103200010
295, 201103200011
296, 201103200012
297, 201103200014
298, 201103200015
299, 201103200018
300, 201103200019
301, 201103200020
302, 201103200021
303, 201103200022
304, 201103200023
305, 201103200024
306, 201103200025
307, 201103200026
308, 201103200027
309, 201103200028
310, 201103200029
311, 201103200031
312, 201103200032
313, 201103200033
314, 201103200034
315, 201103200035
316, 201103200036
317, 201103200037
318, 201103200038
319, 201103200039
320, 201103200040
321, 201103200041
322, 201103200043
323, 201103200044
324, 201103200045
325, 201103200046
326, 201103200047
327, 201103200048
328, 201103200049
329, 201103200050
330, 201103200051
331, 201103200052
332, 201103200053
333, 201103200054
334, 201103200055
335, 201103200056
336, 201103200057
337, 201103200058
338, 201103200060
339, 201103200061
340, 201103200062
341, 201103200063
342, 201103200064
343, 201103200065
344, 201103200066
345, 201103200067
346, 201103200068
347, 201103200069
348, 201103200070
349, 201103200071
350, 201103200072
351, 201103200073
352, 201103200075
353, 201103200076
354, 201103200077
355, 201103200078
356, 201103200080
357, 201103200081
358, 201103200082
359, 201103200083
360, 201103200084
361, 201103200087
362, 201103200088
363, 201103200089
364, 201103200090
365, 201103200091
366, 201103200093
367, 201103200094
368, 201103200095
369, 201103200096
370, 201103200097
371, 201103200098
372, 201103200099
373, 201103200100
374, 201103200119
375, 201103200120
376, 201103200121
377, 201103200125
378, 201103200126
379, 201103200127
380, 201103200128
381, 201103200130
382, 201103200131
383, 201103200132
384, 201103200133
385, 201103200134
386, 201103200135
387, 201103200136
388, 201103200137
389, 201103200139
390, 201103200142
391, 201103200143
392, 201103200144
393, 201103200146
394, 201103200148
395, 201103200149
396, 201103200150
397, 201103200152
398, 201103200153
399, 201103200154
400, 201103200156
401, 201103200157
402, 201103200158
403, 201103200159
404, 201103200160
405, 201103200161
406, 201103200162
407, 201103200163
408, 201103200165
409, 201103200166
410, 201103200167
411, 201103200172
412, 201103200173
413, 201103200174
414, 201103200175
415, 201103200176
416, 201103200177
417, 201103200178
418, 201103200179
419, 201103200181
420, 201103200183
421, 201103200185
422, 201103200186
423, 201103200187
424, 201103200188
425, 201103200189
426, 201103200190
427, 201103200191
428, 201103200193
429, 201103200194
430, 201103200195
431, 201103200196
432, 201103200199
433, 201103200201
434, 201103200202
435, 201103200203
436, 201103200204
437, 201104220001
438, 201104220002
439, 201104220004
440, 201104220005
441, 201104220006
442, 201104220007
443, 201104220008
444, 201104220009
445, 201104220010
446, 201104220011
447, 201104220012
448, 201104220013
449, 201104220014
450, 201104220015
451, 201104220016
452, 201104220017
453, 201104220018
454, 201104220019
455, 201104220020
456, 201104220021
457, 201104220022
458, 201104220023
459, 201104220024
460, 201104220025
461, 201104220026
462, 201104220027
463, 201104220028
464, 201104220029
465, 201104220030
466, 201104220031
467, 201104220033
468, 201104220034
469, 201104220035
470, 201104220036
471, 201104220037
472, 201104220038
473, 201104220039
474, 201104220040
475, 201104220041
476, 201104220042
477, 201104220043
478, 201104220044
479, 201104220045
480, 201104220047
481, 201104220048
482, 201104220049
483, 201104220051
484, 201104220052
485, 201104220053
486, 201104220054
487, 201104220055
488, 201104220056
489, 201104220057
490, 201104220058
491, 201104220059
492, 201104220060
493, 201104220061
494, 201104220062
495, 201104220063
496, 201104220064
497, 201104220066
498, 201104220067
499, 201104220068
500, 201104220069
501, 201104220070
502, 201104220072
503, 201104220073
504, 201104220074
505, 201104220075
506, 201104220076
507, 201104220077
508, 201104220078
509, 201104220079
510, 201104220080
511, 201104220082
512, 201104220083
513, 201104220084
514, 201104220085
515, 201104220086
516, 201104220087
517, 201104220088
518, 201104220091
519, 201104220094
520, 201104220095
521, 201104220096
522, 201104220097
523, 201104220098
524, 201104220099
525, 201104220100
526, 201104220101
527, 201104220103
528, 201104220104
529, 201104220105
530, 201104220106
531, 201104220110
532, 201104220113
533, 201104220114
534, 201104220115
535, 201104220116
536, 201104220117
537, 201104220118
538, 201104220119
539, 201104220120
540, 201104220121
541, 201104220122
542, 201104220123
543, 201104220124
544, 201104220125
545, 201104220126
546, 201104230001
547, 201104230002
548, 201104230004
549, 201104230005
550, 201104230006
551, 201104230008
552, 201104230010
553, 201104230011
554, 201104230012
555, 201104230013
556, 201104230014
557, 201104230015
558, 201104230017
559, 201104230018
560, 201104230020
561, 201104230022
562, 201104230023
563, 201104230026
564, 201104230027
565, 201104230031
566, 201104230032
567, 201104230033
568, 201104230034
569, 201104230035
570, 201104230036
571, 201104230038
572, 201104230039
573, 201104230041
574, 201104230043
575, 201104230045
576, 201104230046
577, 201104230048
578, 201104230049
579, 201104230050
580, 201104230051
581, 201104230053
582, 201104230055
583, 201104230056
584, 201104230057
585, 201104230059
586, 201104230062
587, 201104230064
588, 201104230066
589, 201104230068
590, 201104230070
591, 201104230072
592, 201104230075
593, 201104230076
594, 201104230077
595, 201104230078
596, 201104230079
597, 201104230081
598, 201104230082
599, 201104230083
600, 201104230084
601, 201104230085
602, 201104230086
603, 201104230088
604, 201104230091
605, 201104230092
606, 201104230093
607, 201104230094
608, 201104230095
609, 201104230096
610, 201104230097
611, 201104230098
612, 201104230099
613, 201104230102
614, 201104230103
615, 201104230104
616, 201104230105
617, 201104230106
618, 201104230109
619, 201104230111
620, 201104230113
621, 201104230114
622, 201104230116
623, 201104230119
624, 201104230120
625, 201104230121
626, 201104230122
627, 201104230123
628, 201104230124
629, 201104230126
630, 201104230127
631, 201104230128
632, 201104230129
633, 201104230133
634, 201104230137
635, 201104230138
636, 201104230139
637, 201104230140
638, 201104230141
639, 201104230142
640, 201104230143
641, 201104230144
642, 201104230145
643, 201104230147
644, 201104230148
645, 201104230149
646, 201104230150
647, 201104230151
648, 201104230152
649, 201104230155
650, 201104230156
651, 201104230157
652, 201104230158
653, 201104230159
654, 201104230160
655, 201104230161
656, 201104230162
657, 201104230163
658, 201104230164
659, 201104230168
660, 201104230169
661, 201104230171
662, 201104230173
663, 201104230175
664, 201104230176
665, 201104230178
666, 201104230179
667, 201104230180
668, 201104230181
669, 201104230183
670, 201104230186
671, 201104230187
672, 201104230190
673, 201104230191
674, 201104230192
675, 201104230193
676, 201104230194
677, 201104230195
678, 201104230197
679, 201104230198
680, 201104230199
681, 201104230200
682, 201104230201
683, 201104230202
684, 201104230203
685, 201104230204
686, 201104230205
687, 201104230208
688, 201104230210
689, 201104230211
690, 201104230213
691, 201104230214
692, 201104230215
693, 201104230216
694, 201104230217
695, 201104230218
696, 201104230219
697, 201104230220
698, 201104230222
699, 201104230223
700, 201104230224
701, 201104230225
702, 201104230226
703, 201104230227
704, 201104230228
705, 201104230229
706, 201104230230
707, 201104230231
708, 201104230232
709, 201104230233
710, 201104230234
711, 201104230235
712, 201104230237
713, 201104230238
714, 201104230239
715, 201104230240
716, 201104230241
717, 201104230242
718, 201104230243
719, 201104230244
720, 201104230245
721, 201104230246
722, 201104230247
723, 201104230248
724, 201104230250
725, 201104230251
726, 201104230253
727, 201104230255
728, 201104230256
729, 201104230257
730, 201104230261
731, 201104230262
732, 201104230263
733, 201104230265
734, 201104230266
735, 201104230269
736, 201104230271
737, 201104230272
738, 201104230273
739, 201104230274
740, 201104230276
741, 201104230277
742, 201104230279
743, 201104230280
744, 201104230281
745, 201104230282
746, 201104230284
747, 201104230287
748, 201104230288
749, 201104230289
750, 201104230290
751, 201104230291
752, 201104230293
753, 201104230294
754, 201104230295
755, 201104230296
756, 201104230297
757, 201104230298
758, 201104230299
759, 201104230300
760, 201104230301
761, 201104230302
762, 201104230303
763, 201104230304
764, 201104230305
765, 201104230306
766, 201104230307
767, 201104230308
768, 201104230309
769, 201104230311
770, 201104230312
771, 201104230313
772, 201104230314
773, 201104230315
774, 201104230316
775, 201104230317
776, 201104230318
777, 201104230319
778, 201104230320
779, 201104230321
780, 201104230322
781, 201104230323
782, 201104230325
783, 201104230327
784, 201104230328
785, 201104230329
786, 201104230330
787, 201104230331
788, 201104230332
789, 201104230333
790, 201104230334
791, 201104230335
792, 201104230336
793, 201104230337
794, 201104230338
795, 201104230339
796, 201104230340
797, 201104230341
798, 201104230342
799, 201104230343
800, 201104230344
801, 201104230345
802, 201104230346
803, 201104230347
804, 201104230348
805, 201104230349
806, 201104230350
807, 201104230351
808, 201104230352
809, 201104230355
810, 201104230356
811, 201104230357
812, 201104230358
813, 201104230359
814, 201104230360
815, 201104230361
816, 201104230363
817, 201104230365
818, 201104230366
819, 201104230368
820, 201104230369
821, 201104230370
822, 201104230372
823, 201104240001
824, 201104240002
825, 201104240003
826, 201104240004
827, 201104240005
828, 201104240006
829, 201104240007
830, 201104240009
831, 201104240010
832, 201104240011
833, 201104240012
834, 201104240013
835, 201104240015
836, 201104240017
837, 201104240018
838, 201104240020
839, 201104240021
840, 201104240022
841, 201104240023
842, 201104240024
843, 201104240026
844, 201104240027
845, 201104240028
846, 201104240029
847, 201104240030
848, 201104240032
849, 201104240033
850, 201104240034
851, 201104240036
852, 201104240037
853, 201104240038
854, 201104240040
855, 201104240041
856, 201104240043
857, 201104240045
858, 201104240046
859, 201104240048
860, 201104240050
861, 201104240051
862, 201104240052
863, 201104240054
864, 201104240055
865, 201104240056
866, 201104240060
867, 201104240061
868, 201104240062
869, 201104240063
870, 201104240064
871, 201104240067
872, 201104240068
873, 201104240069
874, 201104240072
875, 201104240073
876, 201104240074
877, 201104240078
878, 201104240081
879, 201104240085
880, 201104240090
881, 201104240092
882, 201104240093
883, 201104240094
884, 201104240095
885, 201104240097
886, 201104240098
887, 201104240101
888, 201104240103
889, 201104240104
890, 201104240106
891, 201104240113
892, 201104240116
893, 201104240118
894, 201104240119
895, 201104240120
896, 201104240121
897, 201104240122
898, 201104240123
899, 201104240127
900, 201104240129
901, 201104240131
902, 201104240132
903, 201104240133
904, 201104240134
905, 201104240136
906, 201104240137
907, 201104240139
908, 201104240140
909, 201104240141
910, 201104240142
911, 201104240145
912, 201104240146
913, 201104240147
914, 201104240155
915, 201104240156
916, 201104240157
917, 201104240160
918, 201104240161
919, 201104240162
920, 201104240164
921, 201104240165
922, 201104240166
923, 201104240167
924, 201104240169
925, 201104240170
926, 201104240172
927, 201104240173
928, 201104240175
929, 201104240176
930, 201104240182
931, 201104240183
932, 201104240186
933, 201104240187
934, 201104240188
935, 201104240189
936, 201104240195
937, 201104240197
938, 201104240199
939, 201104240200
940, 201104240203
941, 201104240204
942, 201104240205
943, 201104240206
944, 201104240207
945, 201104240209
946, 201104240210
947, 201104240211
948, 201104240216
949, 201104240218
950, 201104240220
951, 201104240221
952, 201104240223
953, 201104240224
954, 201104240226
955, 201104240228
956, 201104240229
957, 201104240230
958, 201104240231
959, 201104240232
960, 201104240233
961, 201104240235
962, 201104240236
963, 201104240237
964, 201104240239
965, 201104240240
966, 201104240241
967, 201104240243
968, 201104240244
969, 201104240246
970, 201104240247
971, 201104240252
972, 201104240253
973, 201104240255
974, 201104240257
975, 201104240259
976, 201104240260
977, 201104240264
978, 201104240265
979, 201104240268
980, 201104240272
981, 201104240274
982, 201104240276
983, 201104240277
984, 201104240278
985, 201104240279
986, 201104240281
987, 201104240283
988, 201104240285
989, 201104240286
990, 201104240287
991, 201104240288
992, 201104240289
993, 201104240290
994, 201104240291
995, 201104240294
996, 201104240295
997, 201104240297
998, 201104240298
999, 201104240299
1000, 201104240300